first_name,last_name,email,gender,ip_address
Hercules,Campos,hcampos0@opensource.org,Male,26.173.56.137
Robbie,Kettridge,rkettridge1@omniture.com,Male,155.48.134.225
Jeannine,Roggerone,jroggerone2@goo.gl,Female,215.52.250.129
Moe,Coleyshaw,mcoleyshaw3@weebly.com,Male,33.228.190.114
Ruthann,Lortz,rlortz4@fastcompany.com,Female,135.6.103.164
Belvia,Viney,bviney5@fda.gov,Female,205.204.34.94
Annamarie,Isham,aisham6@dion.ne.jp,Female,119.168.57.68
Kiel,Bend,kbend7@mit.edu,Male,95.100.196.202
Eben,Smardon,esmardon8@engadget.com,Male,212.7.208.179
Carce,Roos,croos9@miitbeian.gov.cn,Male,6.129.84.56
Cybil,Winsiowiecki,cwinsiowieckia@blogtalkradio.com,Female,246.247.151.143
Rosa,Lopes,rlopesb@paginegialle.it,Female,128.178.143.51
Dalila,Tomson,dtomsonc@vinaora.com,Female,28.38.216.192
Zollie,Dankersley,zdankersleyd@1und1.de,Male,214.132.241.95
Titos,Ancliffe,tancliffee@rediff.com,Male,55.27.58.95
Nichole,Ruddiman,nruddimanf@microsoft.com,Male,176.143.79.54
Honor,Althorpe,halthorpeg@meetup.com,Female,45.228.128.250
Marybelle,Rourke,mrourkeh@mediafire.com,Female,107.171.92.73
Bobinette,Blackesland,bblackeslandi@gmpg.org,Female,121.52.210.82
Lyndsey,Durrad,ldurradj@barnesandnoble.com,Female,104.41.50.23
Deanne,Guiel,dguielk@japanpost.jp,Female,105.220.6.182
Nydia,Leipold,nleipoldl@skyrock.com,Female,136.79.17.12
Rodrique,Chidlow,rchidlowm@amazon.co.jp,Male,176.27.188.161
Lem,O'Finan,lofinann@xrea.com,Male,220.201.231.233
Scarface,Knightsbridge,sknightsbridgeo@ucsd.edu,Male,48.17.36.139
Free,Pottie,fpottiep@bbb.org,Male,90.58.48.45
Etty,Easson,eeassonq@wikimedia.org,Female,255.66.207.62
Basilius,Baiss,bbaissr@house.gov,Male,171.245.53.212
Emerson,Showl,eshowls@studiopress.com,Male,197.149.158.144
Lefty,MacPhee,lmacpheet@vimeo.com,Male,119.154.171.80
Dagny,Fenck,dfencku@hud.gov,Male,162.203.79.240
Renaud,Draysay,rdraysayv@pagesperso-orange.fr,Male,110.197.116.30
Gayelord,Carlon,gcarlonw@livejournal.com,Male,109.1.208.52
Millie,Maccree,mmaccreex@abc.net.au,Female,186.99.211.47
Verney,Skin,vskiny@mozilla.com,Male,177.114.191.238
Shaylynn,Shew,sshewz@nsw.gov.au,Female,48.1.69.100
Pete,Pulteneye,ppulteneye10@microsoft.com,Male,79.74.146.123
Josepha,Smiley,jsmiley11@google.com.br,Female,25.66.185.98
Alasteir,Straw,astraw12@exblog.jp,Male,19.86.41.1
Shawn,Dodshun,sdodshun13@infoseek.co.jp,Female,59.20.208.147
Tannie,Ridgley,tridgley14@uiuc.edu,Male,132.124.13.167
Sinclare,Rubie,srubie15@shareasale.com,Male,217.111.243.116
Wain,Noblett,wnoblett16@dyndns.org,Male,216.14.96.245
Nicoline,Dobeson,ndobeson17@nasa.gov,Female,108.172.216.103
Melania,Pridham,mpridham18@e-recht24.de,Female,180.170.253.234
Irene,Vamplew,ivamplew19@sourceforge.net,Female,151.158.122.110
Bartel,Francesch,bfrancesch1a@umn.edu,Male,57.246.26.169
Banky,Duckels,bduckels1b@delicious.com,Male,191.42.24.12
Joleen,Pennicard,jpennicard1c@ask.com,Female,132.176.82.152
Glynnis,Gothrup,ggothrup1d@ebay.co.uk,Female,135.221.218.163
